title,externalPath,locationsText,bulletFields
Mortgage Financing Advisor - (Pulte Mortgage),/job/Bluffton-South-Carolina/Mortgage-Financing-Advisor----Pulte-Mortgage-_JR7353,"Bluffton, South Carolina",JR7353
Coordinator People & Culture,/job/Atlanta-GA/Coordinator-People---Culture_JR7227,2 Locations,JR7227
Construction Manager,/job/Sunbury-Ohio/Construction-Manager_JR7351,"Sunbury, Ohio",JR7351
Hurricane Tie-Down Installer,/job/Jacksonville-FL/Hurricane-Tie-Down-Installer_JR7350,"Jacksonville, FL",JR7350
Construction Manager,/job/Jacksonville-FL/Construction-Manager_JR7349-1,"Jacksonville, FL",JR7349
2nd Shift Industrial Maintenance Mechanic,/job/Green-Cove-Springs-FL/XMLNAME-2nd-Shift-Industrial-Maintenance-Mechanic_JR7348,"Green Cove Springs, FL",JR7348
Sales Consultant,/job/Greenwood-Village-Colorado/Sales-Consultant_JR7074,"Greenwood Village, Colorado",JR7074
"Marketing Coordinator - Austin, TX",/job/Austin-TX/Marketing-Coordinator---Austin--TX_JR7347,"Austin, TX",JR7347
Host II,/job/Riverview-FL/Host-II_JR6809,"Riverview, FL",JR6809
Sales Associate,/job/Riverview-FL/Sales-Associate_JR6808,"Riverview, FL",JR6808
"Customer Care Manager II - Brentwood, TN",/job/Brentwood-TN/Customer-Care-Manager-II---Brentwood--TN_JR7346,"Brentwood, TN",JR7346
Resource Scheduling Coordinator,/job/Orlando-FL/Resource-Scheduling-Coordinator_JR7344,"Orlando, FL",JR7344
New Home Sales Consultant,/job/Medina-OH/New-Home-Sales-Consultant_JR7342,"Medina, OH",JR7342
Escrow Officer (PGP Title),/job/Houston-TX/Escrow-Officer--PGP-Title-_JR6956,"Houston, TX",JR6956
Customer Care Manager II,/job/Bridgewater-TWP-New-Jersey/Customer-Care-Manager-II_JR7341,"Bridgewater TWP, New Jersey",JR7341
Procurement Coordinator,/job/Alpharetta-GA/Procurement-Coordinator_JR7338,"Alpharetta, GA",JR7338
"Market Intelligence Analyst/Land Analyst - Myrtle Beach, SC",/job/Myrtle-Beach-SC/Market-Intelligence-Analyst-Land-Analyst---Myrtle-Beach--SC_JR7336,"Myrtle Beach, SC",JR7336
Director National Real Estate,/job/Atlanta-GA/Director-National-Real-Estate_JR7335-1,"Atlanta, GA",JR7335
Escrow Processor (PGP Title),/job/Riverview-FL-PGP-Title/Escrow-Processor--PGP-Title-_JR7334-1,"Riverview, FL (PGP Title)",JR7334
Commercial Escrow Officer (PGP Title),/job/Coppell-TX/Commercial-Escrow-Officer--PGP-Title-_JR7332,"Coppell, TX",JR7332
Escrow Manager (PGP Title),/job/Jacksonville-FL/Escrow-Manager--PGP-Title-_JR7326,"Jacksonville, FL",JR7326
"Host II - San Antonio, TX",/job/San-Antonio-TX/Host-II---San-Antonio--TX_JR7321,"San Antonio, TX",JR7321
"Host II - San Antonio, TX",/job/San-Antonio-TX/Host-II---San-Antonio--TX_JR7322,"San Antonio, TX",JR7322
Resource Scheduling Coordinator,/job/Cary-NC/Resource-Scheduling-Coordinator_JR7307,"Cary, NC",JR7307
"Resource Scheduling Expeditor - Cary, NC",/job/Cary-NC/Resource-Scheduling-Expeditor---Cary--NC_JR7323,"Cary, NC",JR7323
Insurance Sales Agent (Pulte Insurance Agency),/job/Coppell-TX/Insurance-Sales-Agent--Pulte-Insurance-Agency-_JR7305,"Coppell, TX",JR7305
Mortgage Branch Manager (Pulte Mortgage),/job/Austin-TX/Mortgage-Branch-Manager--Pule-Mortgage-_JR7302-1,"Austin, TX",JR7302
Manager Land Planning & Entitlements,/job/Orlando-FL/Manager-Land-Planning---Entitlements_JR7318-1,"Orlando, FL",JR7318
"Land Project Manager - Austin, TX",/job/Austin-TX/Land-Project-Manager---Austin--TX_JR7313,"Austin, TX",JR7313
Sales Consultant (Dallas Area),/job/Alpharetta-GA/Sales-Consultant--Dallas-Area-_JR7312,"Alpharetta, GA",JR7312
"General Sales Manager - Charleston, SC",/job/North-Charleston-SC/General-Sales-Manager---Charleston--SC_JR7234,"North Charleston, SC",JR7234
Security Engineer,/job/Tempe-AZ/Security-Engineer_JR7310,2 Locations,JR7310
Assistant Construction Manager,/job/Bloomington-MN/Assistant-Construction-Manager_JR7304,"Bloomington, MN",JR7304
Customer Care Manager II (Cumming Area),/job/Alpharetta-GA/Customer-Care-Manager-II--Cumming-Area-_JR7215,"Alpharetta, GA",JR7215
Front Desk Office Assistant,/job/Scottsdale-AZ/Administrative-Assistant-II_JR7047,"Scottsdale, AZ",JR7047
Senior Analyst - CX,/job/Tempe-AZ/Senior-Analyst---CX_JR7299,2 Locations,JR7299
Host II (Ft. Myers Area),/job/Bonita-Springs-FL/Host-II--Ft-Myers-Area-_JR7297,"Bonita Springs, FL",JR7297
"Procurement Coordinator - Charlotte, NC",/job/Charlotte-NC/Procurement-Coordinator---Charlotte--NC_JR7296,"Charlotte, NC",JR7296
Land Development Manager,/job/Bonita-Springs-FL/Land-Development-Manager_JR7294-1,"Bonita Springs, FL",JR7294
Closing Coordinator,/job/Schaumburg-IL/Closing-Coordinator_JR7267,"Schaumburg, IL",JR7267
Assistant Construction Manager,/job/Schaumburg-IL/Assistant-Construction-Manager_JR7292,"Schaumburg, IL",JR7292
Sales Consultant (Bradenton/Sarasota/Englewood Area),/job/Bonita-Springs-FL/Sales-Consultant--Bradenton-Sarasota-Englewood-Area-_JR7291,"Bonita Springs, FL",JR7291
"Sales Consultant - Columbia, SC",/job/Columbia-SC/Sales-Consultant---Columbia--SC_JR7289-1,"Columbia, SC",JR7289
New Home Sales Consultant,/job/Troy-MI/New-Home-Sales-Consultant_JR7287,"Troy, MI",JR7287
Product Owner,/job/Atlanta-GA/Product-Owner_JR7270,2 Locations,JR7270
Scrum Master,/job/Atlanta-GA/Scrum-Master_JR7284,2 Locations,JR7284
Branch Coordinator (Pulte Mortgage),/job/Bonita-Springs-FL/Branch-Coordinator--Pulte-Mortgage-_JR7283,"Bonita Springs, FL",JR7283
Project Administrator,/job/Jacksonville-FL/Project-Administrator_JR7281,"Jacksonville, FL",JR7281
Virtual Customer Care Manager,/job/Carmel-IN/Virtual-Customer-Care-Manager_JR7279,"Carmel, IN",JR7279
Branch Coordinator (Pulte Mortgage),/job/North-Charleston-SC/Branch-Coordinator--Pulte-Mortgage-_JR7278,"North Charleston, SC",JR7278
New Home Sales Consultant,/job/Dublin-OH/Sales-Consultant_JR7277,"Dublin, OH",JR7277
Land Acquisition Manager,/job/Medina-OH/Land-Acquisition-Manager_JR7274,"Medina, OH",JR7274
"Land Coordinator - San Antonio, TX",/job/San-Antonio-TX/Land-Coordinator---San-Antonio--TX_JR7273-1,"San Antonio, TX",JR7273
"Land Aquisition Manager - San Antonio, TX",/job/San-Antonio-TX/Land-Aquisition-Manager---San-Antonio--TX_JR7272,"San Antonio, TX",JR7272
Customer Care Manager II,/job/West-Palm-Beach-FL/Customer-Care-Manager-II_JR7271,"West Palm Beach, FL",JR7271
Product Owner,/job/Atlanta-GA/Product-Owner_JR7268-1,2 Locations,JR7268
Procurement Agent,/job/West-Palm-Beach-FL/Procurement-Agent_JR7264,"West Palm Beach, FL",JR7264
Construction Manager,/job/Riverview-FL/Construction-Manager_JR7263,"Riverview, FL",JR7263
Class A CDL Flatbed Driver,/job/Florence-SC/Class-A-CDL-Flatbed-Driver_JR5512,"Florence, SC",JR5512
Senior Software Engineer in Test (SDET) - Pulte Mortgage,/job/Englewood-CO/Senior-Software-Engineer-in-Test--SDET----Pulte-Mortgage_JR6878-1,"Englewood, CO",JR6878
Manager Resource Planning,/job/Albuquerque-NM/Manager-Resource-Planning_JR7256,"Albuquerque, NM",JR7256
Manager Land Planning & Entitlement,/job/Bellevue-WA/Manager-Land-Planning---Entitlement_JR7254,"Bellevue, WA",JR7254
Construction Manager,/job/Scottsdale-AZ/Construction-Manager_JR7252,"Scottsdale, AZ",JR7252
1st Shift Component Assembler (Truss),/job/Florence-SC/XMLNAME-1st-Shift-Component-Assembler--Truss-_JR7246-1,"Florence, SC",JR7246
"Procurement Agent - Houston, TX",/job/Houston-TX/Procurement-Agent---Houston--TX_JR6948,"Houston, TX",JR6948
Director Product Management,/job/Atlanta-GA/Director-Project-Management_JR6994,"Atlanta, GA",JR6994
"Sales Administrator - Coppell, TX",/job/Coppell-TX/Sales-Administrator---Coppell--TX_JR5849,"Coppell, TX",JR5849
Design Team Leader,/job/Jacksonville-FL/Design-Team-Leader_JR7244,"Jacksonville, FL",JR7244
"Assistant Construction Manager - Nashville, TN",/job/Brentwood-TN/Assistant-Construction-Manager---Nashville--TN_JR7243,"Brentwood, TN",JR7243
Superintendent,/job/Charleston-Svc-Center-ICG/Superintendent_JR7194,Charleston Svc Center (ICG),JR7194
IT Manager,/job/Atlanta-GA/IT-Manager_JR7235,"Atlanta, GA",JR7235
"Sales Consultant - Manteca, CA",/job/Pleasanton-CA/Sales-Consultant---Manteca--CA_JR6764,"Pleasanton, CA",JR6764
Sales Administrator,/job/Jacksonville-FL/Sales-Administrator_JR7228,"Jacksonville, FL",JR7228
Field Support Engineer I,/job/Atlanta-GA/Field-Support-Engineer-I_JR7224,"Atlanta, GA",JR7224
Online Sales Specialist,/job/Jacksonville-FL/Online-Sales-Specialist_JR7223,"Jacksonville, FL",JR7223
"Division Product Manager - Charleston, SC",/job/North-Charleston-SC/Division-Product-Manager---Charleston--SC_JR7217,"North Charleston, SC",JR7217
"Land Acquisition Manager - Houston, TX",/job/Houston-TX/Land-Acquisition-Manager---Houston--TX_JR7094-1,"Houston, TX",JR7094
"Project Manager Land Acquisition - Houston, TX",/job/Houston-TX/Project-Manager-Land-Acquisition---Houston--TX_JR7093,"Houston, TX",JR7093
"Director of Land Planning & Entitlement - Houston, TX",/job/Houston-TX/Director-of-Land-Planning---Entitlement---Houston--TX_JR7095,"Houston, TX",JR7095
"Resource Scheduling Coordinator - Charleston, SC",/job/North-Charleston-SC/Resource-Scheduling-Coordinator---Charleston--SC_JR7212-1,"North Charleston, SC",JR7212
Director People & Culture,/job/Mission-Viejo-California-Los-Altos/Director-People---Culture_JR7198,3 Locations,JR7198
CAD Technician,/job/Schaumburg-IL/CAD-Technician_JR7210,"Schaumburg, IL",JR7210
Field Support Engineer I,/job/Riverview-FL/Field-Support-Engineer-I_JR7209,"Riverview, FL",JR7209
2nd Shift Component Assembler (Panel),/job/Florence-SC/XMLNAME-2nd-Shift-Component-Assembler--Panel-_JR6591,"Florence, SC",JR6591
Senior Full Stack Developer (PulteMortgage),/job/Englewood-CO/Senior-Full-Stack-Developer--PulteMortgage-_JR7023,"Englewood, CO",JR7023
"NSS Accounting Intern - Atlanta, Ga",/job/Atlanta-GA/NSS-Intern---Atlanta--Ga_JR6642,"Atlanta, GA",JR6642
Construction Manager,/job/Salt-Lake-City-UT/Construction-Manager_JR7207,"Salt Lake City, UT",JR7207
Procurement Agent,/job/Albuquerque-NM/Procurement-Agent_JR7206,"Albuquerque, NM",JR7206
Division Controller I,/job/Bellevue-WA/Division-Controller-I_JR7205-1,"Bellevue, WA",JR7205
Land Project Manager,/job/Bellevue-WA/Land-Project-Manager_JR7204,"Bellevue, WA",JR7204
Material Handler,/job/Myrtle-Beach-Svc-Center-ICG/Material-Handler_JR7203,Myrtle Beach Svc Center (ICG),JR7203
Superintendent,/job/Savannah-ICG-Georgia/Superintendent_JR7195,"Savannah (ICG), Georgia",JR7195
Escrow Branch Manager (PGP Title),/job/San-Antonio-TX/Branch-Manager--PGP-Title-_JR6954,"San Antonio, TX",JR6954
"Sales Consultant - Wilmington, NC",/job/Wilmington-NC/Sales-Consultant---Wilmington--NC_JR6965,"Wilmington, NC",JR6965
Mortgage Branch Manager - (Pulte Mortgage),/job/Charlotte-NC/Mortgage-Branch-Manager----Pulte-Mortgage-_JR6971,"Charlotte, NC",JR6971
"Division Assistant Controller - Houston, TX",/job/Houston-TX/Division-Assistant-Controller---Houston--TX_JR7201,"Houston, TX",JR7201
"Online Sales Specialist - Raleigh, NC",/job/Cary-NC/Online-Sales-Specialist---Raleigh--NC_JR6100-1,"Cary, NC",JR6100
General Sales Manager,/job/Jacksonville-FL/General-Sales-Manager_JR7199,"Jacksonville, FL",JR7199
Design Center Consultant,/job/Schaumburg-IL/Design-Center-Consultant_JR6663-1,"Schaumburg, IL",JR6663
"Sales Consultant - Houston, TX",/job/Houston-TX/Sales-Consultant---Houston--TX_JR6946,"Houston, TX",JR6946
"General Sales Manager - Wilmington, NC",/job/Wilmington-NC/General-Sales-Manager---Wilmington--NC_JR7191,"Wilmington, NC",JR7191
Sales Consultant,/job/Ocala-FL/Sales-Consultant_JR7190,"Ocala, FL",JR7190
Assistant Escrow Officer (PGP Title),/job/Greenwood-Village-Colorado/Assistant-Escrow-Officer--PGP-Title-_JR7171,"Greenwood Village, Colorado",JR7171
New Home Sales Consultant,/job/Westborough-MA/New-Home-Sales-Consultant_JR7181,"Westborough, MA",JR7181
Selling Sales Manager,/job/Westborough-MA/Selling-Sales-Manager_JR7165,"Westborough, MA",JR7165
Customer Care Manager II,/job/Schaumburg-IL/Customer-Care-Manager-II_JR7187,"Schaumburg, IL",JR7187
Director Market Intelligence,/job/Scottsdale-AZ/Director-Market-Intelligence_JR7168,"Scottsdale, AZ",JR7168
"Land Development Manager - Myrtle Beach, SC",/job/Myrtle-Beach-SC/Land-Development-Manager---Myrtle-Beach--SC_JR7184,"Myrtle Beach, SC",JR7184
"Sales Consultant - San Antonio, TX",/job/San-Antonio-TX/Sales-Consultant---San-Antonio--TX_JR7176,"San Antonio, TX",JR7176
Division Staff Accountant,/job/Las-Vegas-NV/Division-Staff-Accountant_JR7170,"Las Vegas, NV",JR7170
Loan Consultant Trainee - (Pulte Mortgage),/job/Englewood-CO/Loan-Consultant-Trainee----Pulte-Mortgage-_JR7091,"Englewood, CO",JR7091
Sales Consultant - Southeast Valley,/job/Scottsdale-Arizona/Sales-Consultant---Southeast-Valley_JR7167,"Scottsdale, Arizona",JR7167
Litigation Manager,/job/Atlanta-GA/Litigation-Manager_JR6952,3 Locations,JR6952
Manager of Market Intelligence,/job/Fairfax-VA/Manager-of-Market-Intelligence_JR7070,"Fairfax, VA",JR7070
"Sales Consultant - Charlotte, NC",/job/Charlotte-NC/Sales-Consultant---Charlotte--NC_JR7162,"Charlotte, NC",JR7162
Staff Accountant,/job/Alpharetta-GA/Staff-Accountant_JR7161-1,"Alpharetta, GA",JR7161
Mortgage Financing Advisor - (Pulte Mortgage),/job/Orlando-FL/Mortgage-Financing-Advisor----Pulte-Mortgage-_JR7159,"Orlando, FL",JR7159
"Procurement Agent - Austin, TX",/job/Austin-TX/Procurement-Agent---Austin--TX_JR6999,"Austin, TX",JR6999
"Division Senior Accountant - Coppell, TX",/job/Coppell-TX/Senior-Accountant---Coppell--TX_JR7156,"Coppell, TX",JR7156
Division Product Agent,/job/Carmel-IN/Division-Product-Agent_JR7142,"Carmel, IN",JR7142
"Procurement Coordinator - Nashville, TN",/job/Brentwood-TN/Procurement-Coordinator---Nashville--TN_JR7152,"Brentwood, TN",JR7152
Maintenance Manager,/job/Florence-SC/Sr-Maintenance-Manager_JR7072-1,"Florence, SC",JR7072
Class A CDL Flatbed Driver,/job/Orlando-Svc-Center-ICG/Class-A-CDL-Flatbed-Driver_JR7145,Orlando Svc Center (ICG),JR7145
Escrow Production Manager (PGP Title),/job/Orlando-FL/Escrow-Production-Manager--PGP-Title-_JR7143,"Orlando, FL",JR7143
Construction Manager,/job/Schaumburg-IL/Construction-Manager_JR7141,"Schaumburg, IL",JR7141
"Customer Care Manager II (Covington, GA)",/job/Alpharetta-GA/Customer-Care-Manager-II--Covington--GA-_JR7082,"Alpharetta, GA",JR7082
Material Handler,/job/Charleston-Svc-Center-ICG/Material-Handler_JR7140,Charleston Svc Center (ICG),JR7140
"Sales Consultant - San Jose, CA",/job/Pleasanton-CA/Sales-Consultant---San-Jose--CA_JR7139,"Pleasanton, CA",JR7139
"Sales Consultant - Manteca, CA",/job/Pleasanton-CA/Sales-Consultant---Manteca--CA_JR7137,"Pleasanton, CA",JR7137
Construction Manager,/job/Scottsdale-AZ/Construction-Manager_JR7136,"Scottsdale, AZ",JR7136
Construction Manager,/job/Scottsdale-AZ/Construction-Manager_JR7135,"Scottsdale, AZ",JR7135
Construction Manager,/job/Pleasanton-CA/Construction-Manager_JR7134,"Pleasanton, CA",JR7134
2nd Shift Component Assembler - Truss,/job/Florence-SC/XMLNAME-2nd-Shift-Component-Assembler---Truss_JR6691,"Florence, SC",JR6691
Escrow Manager - (CA) (PGP Escrow),/job/Pleasanton-CA/Escrow-Manager----CA---PGP-Escrow-_JR7119,"Pleasanton, CA",JR7119
"Sales Administrator - Savannah, GA",/job/Savannah-GA/Sales-Administrator---Savannah--GA_JR7112,"Savannah, GA",JR7112
Vice President of Finance,/job/Bloomington-MN/Vice-President-of-Finance_JR7109,"Bloomington, MN",JR7109
Vice President of Finance,/job/Dublin-OH/Division-VP-of-Finance_JR7024,"Dublin, OH",JR7024
"Sales Consultant - Charlotte, NC",/job/Charlotte-NC/Sales-Consultant---Charlotte--NC_JR7110,"Charlotte, NC",JR7110
"Online Sales Specialist - Coppell, TX",/job/Coppell-TX/Online-Sales-Specialist---Coppell--TX_JR7106,"Coppell, TX",JR7106
Project Manager Land Acquisition,/job/Greenville-SC/Project-Manager-Land-Acquisition_JR7102,"Greenville, SC",JR7102
Executive Administrative Assistant (PGP Title),/job/Coppell-TX/Executive-Administrative-Assistant--PGP-Title-_JR7099,"Coppell, TX",JR7099
Architectural Project Manager,/job/Salt-Lake-City-UT/Project-Manager--ZONE-_JR7009,"Salt Lake City, UT",JR7009
Architectural Project Manager,/job/Scottsdale-AZ/Production-Manager--ZONE-_JR6979-1,"Scottsdale, AZ",JR6979
Architectural Sr. Residential Draftperson,/job/Scottsdale-AZ/Senior-Residential-Draftperson_JR6968,"Scottsdale, AZ",JR6968
Customer Care Manager II,/job/Westborough-MA/Customer-Care-Manager-II_JR7081,"Westborough, MA",JR7081
"Host - Lathrop, CA (Part-time)",/job/Pleasanton-CA/Host---Lathrop--CA_JR7073,"Pleasanton, CA",JR7073
Class A CDL Flatbed Driver,/job/Savannah-ICG-Georgia/Class-A-CDL-Flatbed-Driver_JR7077,"Savannah (ICG), Georgia",JR7077
Construction Manager,/job/Albuquerque-NM/Construction-Manager_JR7076,"Albuquerque, NM",JR7076
Class A CDL Flatbed Driver,/job/Charleston-Svc-Center-ICG/Class-A-CDL-Flatbed-Driver_JR7075,Charleston Svc Center (ICG),JR7075
Sales Consultant,/job/Bonita-Springs-FL/Sales-Consultant_JR7071,"Bonita Springs, FL",JR7071
Sales Consultant (Fort Myers Area),/job/Bonita-Springs-FL/Sales-Consultant--Fort-Myers-Area-_JR6949,"Bonita Springs, FL",JR6949
Director Land Development,/job/Scottsdale-AZ/Director-Land-Development_JR7057,"Scottsdale, AZ",JR7057
"Assistant Construction Manager - Charlotte, NC",/job/Charlotte-NC/Assistant-Construction-Manager---Charlotte--NC_JR7054,"Charlotte, NC",JR7054
Sales Consultant,/job/Alpharetta-GA/Sales-Consultant_JR7041,"Alpharetta, GA",JR7041
Escrow Officer (PGPTitle),/job/Basking-Ridge-NJ/Escrow-Officer--PGPTitle-_JR7043,"Basking Ridge, NJ",JR7043
Manager Land Acquisition,/job/Mission-Viejo-CA/Manager-Land-Acquisition_JR7044,"Mission Viejo, CA",JR7044
Sales Consultant,/job/Greenville-SC/Sales-Consultant_JR3975,"Greenville, SC",JR3975
Marketing Coordinator,/job/Riverview-FL/Marketing-Coordinator_JR6678-1,"Riverview, FL",JR6678
Customer Care Manager II,/job/Scottsdale-AZ/Customer-Care-Manager-II_JR7031-1,"Scottsdale, AZ",JR7031
Manager of Market Intelligence,/job/Dublin-OH/Manager-of-Market-Intelligence_JR7025,"Dublin, OH",JR7025
Procurement Agent,/job/Carmel-IN/Procurement-Agent_JR7022,"Carmel, IN",JR7022
"Procurement Coordinator - Houston, TX",/job/Houston-TX/Procurement-Coordinator---Houston--TX_JR7021-1,"Houston, TX",JR7021
New Home Sales Consultant,/job/Carmel-IN/New-Home-Sales-Consultant_JR7018,"Carmel, IN",JR7018
Operations Manager,/job/Myrtle-Beach-Svc-Center-ICG/Operations-Manager_JR7010,Myrtle Beach Svc Center (ICG),JR7010
Construction Manager,/job/Mission-Viejo-CA/Construction-Manager_JR7007-1,"Mission Viejo, CA",JR7007
Assistant Controller,/job/Mission-Viejo-CA/Assistant-Controller_JR6863,"Mission Viejo, CA",JR6863
Senior Procurement Agent,/job/West-Palm-Beach-FL/Senior-Procurement-Agent_JR6993,"West Palm Beach, FL",JR6993
General Sales Manager,/job/Riverview-FL/General-Sales-Manager_JR6990,"Riverview, FL",JR6990
Construction Manager,/job/Louisville-KY/Construction-Manager_JR6960,"Louisville, KY",JR6960
Construction Manager,/job/Carmel-IN/Construction-Manager_JR6986,"Carmel, IN",JR6986
NSS Staff Accountant I,/job/Atlanta-GA/NSS-Staff-Accountant-I_JR6958,"Atlanta, GA",JR6958
Sales Consultant (Henry County),/job/Alpharetta-GA/Sales-Consultant--Henry-County-_JR6959,"Alpharetta, GA",JR6959
"Construction Manager - Bluffton, SC",/job/Hilton-Head-SC/Construction-Manager_JR6832,"Hilton Head, SC",JR6832
Material Handler,/job/Charleston-Svc-Center-ICG/Material-Handler_JR6957-1,Charleston Svc Center (ICG),JR6957
Sales Consultant (Punta Gorda Area),/job/Bonita-Springs-FL/Sales-Consultant--Punta-Gorda-Area-_JR6950,"Bonita Springs, FL",JR6950
NSS Senior Accountant I,/job/Atlanta-GA/NSS-Senior-Accountant-I_JR6940,"Atlanta, GA",JR6940
Sales Trainee (Griffin Area),/job/Alpharetta-GA/Sales-Trainee--Griffin-Area-_JR6938,"Alpharetta, GA",JR6938
Division Financial Analyst,/job/Scottsdale-AZ/Division-Financial-Analyst_JR6930,"Scottsdale, AZ",JR6930
Division Controller,/job/Scottsdale-AZ/Division-Controller_JR6907,"Scottsdale, AZ",JR6907
2nd Shift - Production Manager,/job/Florence-SC/XMLNAME-2nd-Shift---Production-Manager_JR6803,"Florence, SC",JR6803
Online Sales Specialist,/job/Westborough-MA/Online-Sales-Specialist_JR6897,"Westborough, MA",JR6897
Assistant Construction Manager (Land O Lakes),/job/Riverview-FL/Assistant-Construction-Manager--Land-O-Lakes-_JR5070,"Riverview, FL",JR5070
"General Sales Manager - Nashville, TN",/job/Brentwood-TN/General-Sales-Manager---Nashville--TN_JR6872,"Brentwood, TN",JR6872
"Assistant Construction Manager - Columbia, SC",/job/Columbia-SC/Assistant-Construction-Manager---Columbia--SC_JR6844,"Columbia, SC",JR6844
Software Developer III - Data,/job/Atlanta-GA/Software-Developer-III---Data_JR6856,"Atlanta, GA",JR6856
Land Planning & Entitlement Manager,/job/Bridgewater-TWP-New-Jersey/Land-Planning---Entitlement-Manager_JR6853,"Bridgewater TWP, New Jersey",JR6853
Division Financial Analyst,/job/Riverview-FL/Division-Financial-Analyst_JR6140,"Riverview, FL",JR6140
Senior Manager Market Intelligence,/job/Bonita-Springs-FL/Senior-Manager-Market-Intelligence_JR6799,"Bonita Springs, FL",JR6799
Virtual Customer Care Manager,/job/Riverview-FL/Virtual-Customer-Care-Manager_JR6841,"Riverview, FL",JR6841
Sales Consultant (Spartanburg Area),/job/Greenville-SC/Sales-Consultant--Spartanburg-Area-_JR6037,"Greenville, SC",JR6037
Division Director Land Acquisition (Ocala Area),/job/Ocala-FL/Division-Director-Land-Acquisition--Ocala-Area-_JR6838,"Ocala, FL",JR6838
Construction Manager,/job/Las-Vegas-NV/Construction-Manager_JR6819,"Las Vegas, NV",JR6819
Market Intelligence Senior Analyst,/job/Bonita-Springs-FL/Market-Intelligence-Senior-Analyst_JR6800,"Bonita Springs, FL",JR6800
Manager Land Acquisition,/job/Greenville-SC/Manager-Land-Acquisition_JR6501,"Greenville, SC",JR6501
Division President,/job/Salt-Lake-City-UT/Salt-Lake-City-Division-President_JR6727,"Salt Lake City, UT",JR6727
Land Project Manager,/job/Medina-OH/Land-Project-Manager_JR6780,"Medina, OH",JR6780
Senior Procurement Agent,/job/Mission-Viejo-CA/Senior-Procurement-Agent_JR6773,"Mission Viejo, CA",JR6773
NSS A/P Lien Coordinator,/job/Atlanta-GA/NSS-A-P-Lien-Coordinator_JR6755,"Atlanta, GA",JR6755
"Procurement Agent - Nashville, TN",/job/Brentwood-TN/Procurement-Agent---Nashville--TN_JR6750,"Brentwood, TN",JR6750
"Land Development Manager - Savannah, GA",/job/Savannah-GA/Land-Development-Manager---Savannah--GA_JR6668-1,"Savannah, GA",JR6668
Manager Land Acquisition,/job/Salt-Lake-City-UT/Manager-Land-Acquisition_JR6732-1,"Salt Lake City, UT",JR6732
"Manager Land Acquisition - St. George, Utah",/job/Salt-Lake-City-UT/Manager-Land-Acquisition---St-George--Utah_JR6731,"Salt Lake City, UT",JR6731
Customer Care Manager (Ocala),/job/Ocala-FL/Customer-Care-Manager_JR6687,"Ocala, FL",JR6687
"Division Product Agent - Myrtle Beach, SC",/job/Myrtle-Beach-SC/Division-Product-Agent---Myrtle-Beach--NC_JR6701,"Myrtle Beach, SC",JR6701
Assistant Superintendent,/job/Savannah-GA/Assistant-Superintendent_JR5700,"Savannah, GA",JR5700
"Sales Trainee - Raleigh, NC",/job/Cary-NC/Sales-Trainee---Raleigh--NC_JR6565,"Cary, NC",JR6565
"Sales Trainee - Charlotte, NC",/job/Charlotte-NC/Sales-Trainee---Charlotte--NC_JR6572,"Charlotte, NC",JR6572
Sales Trainee,/job/Alpharetta-GA/Sales-Trainee_JR6496,"Alpharetta, GA",JR6496
"Land Project Manager - Raleigh, NC",/job/Cary-NC/Land-Project-Manager---Raleigh--NC_JR6490,"Cary, NC",JR6490
Area Construction Manager,/job/Greenville-SC/Area-Construction-Manager_JR6486,"Greenville, SC",JR6486
"Sales Consultant - Charlotte, NC",/job/Charlotte-NC/Sales-Consultant---Charlotte--NC_JR6475,"Charlotte, NC",JR6475
Sales Consultant (Melbourne/Palm Bay Area),/job/Orlando-FL/Sales-Consultant--Melbourne-Palm-Bay-Area-_JR6474,"Orlando, FL",JR6474
"Sales Consultant - Charlotte, NC",/job/Charlotte-NC/Sales-Consultant---Charlotte--NC_JR6473-1,"Charlotte, NC",JR6473
"Sales Consultant - Bluffton/Hilton Head, SC",/job/Bluffton-South-Carolina/Sales-Consultant---Bluffton-Hilton-Head--SC_JR6258-1,"Bluffton, South Carolina",JR6258
Manager Growth and Strategic Partnerships,/job/Atlanta-GA/Manager-Growth-and-Strategic-Partnerships_JR5718,"Atlanta, GA",JR5718
"Sales Consultant - Salt Lake City, Utah",/job/Salt-Lake-City-UT/Sales-Consultant---Salt-Lake-City--Utah_JR6116,"Salt Lake City, UT",JR6116
Sales Consultant (Bradenton Area),/job/Bonita-Springs-FL/Sales-Consultant--Bradenton-Area-_JR6113,"Bonita Springs, FL",JR6113
Assistant Customer Care Manager,/job/Myrtle-Beach-SC/Assistant-Customer-Care-Manager_JR6103,"Myrtle Beach, SC",JR6103
Lead Punch Carpenter,/job/Myrtle-Beach-Svc-Center-ICG/Lead-Punch-Carpenter_JR6086,Myrtle Beach Svc Center (ICG),JR6086
NSS Senior Accountant I,/job/Atlanta-GA/NSS-Senior-Accountant-I_JR4480-1,"Atlanta, GA",JR4480
Civil Engineering Project Manager,/job/Alpharetta-GA/Civil-Engineering-Project-Manager_JR5917-1,"Alpharetta, GA",JR5917
Land Acquisition Manager,/job/Riverview-FL/Land-Acquisition-Manager_JR5736,"Riverview, FL",JR5736
"Sales Consultant - Hilton Head, SC",/job/Hilton-Head-SC/Sales-Consultant---Hilton-Head--SC_JR5867,"Hilton Head, SC",JR5867
Corporate Audit Manager,/job/Atlanta-GA/Corporate-Audit-Manager_JR5545,"Atlanta, GA",JR5545
Closing Coordinator,/job/Orlando-FL/Closing-Coordinator_JR5415,"Orlando, FL",JR5415
Manager Land Acquisition,/job/Las-Vegas-NV/Manager-Land-Acquisition_JR5683,"Las Vegas, NV",JR5683
"Assistant Construction Manager - Savannah, GA",/job/Savannah-GA/Assistant-Construction-Manager---Savannah--GA_JR5077,"Savannah, GA",JR5077
"Land Project Manager - Columbia, SC",/job/Columbia-SC/Assistant-Project-Manager-Land-Planning---Entitlements---Columbia--SC_JR4037,"Columbia, SC",JR4037
Customer Care Manager II (Wesley Chapel),/job/Riverview-FL/Customer-Care-Manager-II--Wesley-Chapel-_JR4529,"Riverview, FL",JR4529
"General Sales Manager - Myrtle Beach, SC",/job/Myrtle-Beach-SC/General-Sales-Manager---Myrtle-Beach--SC_JR5023,"Myrtle Beach, SC",JR5023
Land Coordinator,/job/Bonita-Springs-FL/Land-Coordinator_JR5185,"Bonita Springs, FL",JR5185
"Land Project Manager - Savannah, GA",/job/Hilton-Head-SC/Land-Project-Manager---Hilton-Head--SC_JR4032,"Hilton Head, SC",JR4032
"Sales Consultant - San Jose, CA",/job/Pleasanton-CA/Sales-Consultant---San-Jose--CA_JR5207,"Pleasanton, CA",JR5207
Assistant Construction Manager,/job/Albuquerque-NM/Assistant-Construction-Manager_JR4896,"Albuquerque, NM",JR4896
Construction Manager,/job/West-Palm-Beach-FL/Construction-Manager_JR4851,"West Palm Beach, FL",JR4851
Land Acquisition Manager,/job/Riverview-FL/Land-Acquisition-Manager_JR4404,"Riverview, FL",JR4404
